{
  "training_args": {
    "data_dir": "training_data",
    "output_dir": "models",
    "epochs": 15,
    "batch_size": 32,
    "learning_rate": 0.001,
    "test_split": 0.2,
    "val_split": 0.15,
    "device": "mps",
    "seed": 42
  },
  "dataset_info": {
    "total_samples": 681,
    "positive_samples": 127,
    "negative_samples": 554,
    "train_samples": 442,
    "val_samples": 102,
    "test_samples": 137
  },
  "training_history": {
    "train_loss": [
      0.35396175937993185,
      0.2748366461268493,
      0.188059929226126,
      0.12483428604900837,
      0.08223254326730967,
      0.042475312016904354,
      0.03636450633140547,
      0.030420863003070866,
      0.044648464336725216,
      0.059406529812674434,
      0.024205009419737116,
      0.02183313338485147,
      0.03249002327876432,
      0.013472720880859665,
      0.004138573962596378
    ],
    "train_acc": [
      83.4841628959276,
      89.36651583710407,
      92.3076923076923,
      95.70135746606334,
      97.05882352941177,
      98.41628959276018,
      98.86877828054298,
      99.09502262443439,
      98.19004524886878,
      98.41628959276018,
      99.5475113122172,
      99.32126696832579,
      98.86877828054298,
      99.5475113122172,
      100.0
    ],
    "val_loss": [
      2.480074256658554,
      0.3287309296429157,
      0.2592485826462507,
      0.35091551672667265,
      0.46473100082948804,
      0.5206683751894161,
      0.45238358815549873,
      0.5076104708714411,
      0.5797327272593975,
      0.4881849307566881,
      0.4282282474450767,
      0.365300701756496,
      0.37725009850692004,
      0.4218392331385985,
      0.43490058125462383
    ],
    "val_acc": [
      81.37254901960785,
      90.19607843137256,
      92.15686274509804,
      92.15686274509804,
      89.2156862745098,
      89.2156862745098,
      91.17647058823529,
      89.2156862745098,
      90.19607843137256,
      90.19607843137256,
      91.17647058823529,
      91.17647058823529,
      93.13725490196079,
      92.15686274509804,
      93.13725490196079
    ]
  },
  "test_results": {
    "accuracy": 91.97080291970804
  }
}